[{"cloudHost":"192.168.152.121","cloudPort":"sapgw00","localHost":"192.168.152.121","localPort":"sapgw00","protocol":"RFC","backendType":"abapSys","sncPartnerName":"","authMode":"NONE","description":"","allowedClients":[],"blacklistedUser":[],"resources":[{"path":"BAPI_CLASS_READ","enabled":true,"exactMatchOnly":true,"description":""},{"path":"BAPI_MATERIAL_GETALL","enabled":true,"exactMatchOnly":true,"description":""},{"path":"BAPI_MATERIAL_GET_PRODUCTHIER","enabled":true,"exactMatchOnly":true,"description":""},{"path":"RFC_READ_TABLE","enabled":true,"exactMatchOnly":true,"description":""}]}]